DISTRICT,YEAR,MURDER,ATTEMPT TO MURDER,RAPE,KIDNAPPING & ABDUCTION,THEFT,RIOTS,PROSTITUTION,COUNTERFEITING,VANDALISM,NARCOTICS,CAUSING DEATH BY NEGLIGENCE,OTHER CRIMES,TOTAL NO OF CRIMES
ARIYALUR,2008,24,41,6,25,37,101,4,22,17,38,60,741,1116
CHENGALPATTU,2008,78,98,20,8,454,119,12,96,0,58,521,3793,5257
CHENNAI,2008,91,298,28,40,668,105,26,600,0,70,675,1239,3840
COIMBATORE ,2008,16,20,4,14,179,79,20,110,1,19,187,1643,2292
CUDDALORE,2008,60,177,16,21,166,250,12,11,50,137,343,5342,6585
DHARMAPURI,2008,88,88,17,35,214,433,6,33,74,65,370,2371,3794
DINDIGUL,2008,72,74,14,49,168,69,7,24,29,48,317,2788,3659
ERODE,2008,63,22,9,45,218,63,49,85,39,72,479,1988,3132
KALLAKURICHI,2008,14,23,13,31,149,62,9,45,26,36,153,2485,3046
KANCHIPURAM,2008,45,61,21,13,218,81,0,19,32,30,0,4432,4952
KANYAKUMARI,2008,33,65,6,13,230,10,10,16,18,27,0,1703,2131
KARUR,2008,28,12,4,11,39,30,7,15,14,21,192,1417,1790
KRISHNAGIRI,2008,53,11,18,24,174,45,35,19,27,39,32,654,1131
MADURAI ,2008,64,51,13,30,137,286,24,59,34,52,264,1302,2316
MAYILADUTHURAI,2008,34,53,2,26,198,90,11,296,4,20,109,2066,2909
NAGAPATTINAM,2008,36,74,12,29,94,51,1,15,75,55,137,1522,2101
NAMAKKAL,2008,36,31,7,16,58,56,0,15,10,39,297,353,918
NILGIRIS,2008,16,15,8,5,109,39,0,10,0,6,31,752,991
PERAMBALUR,2008,10,16,3,13,31,56,2,27,10,18,79,420,685
PUDUKKOTTAI,2008,30,30,5,27,81,198,3,8,23,32,166,2281,2884
RAMNATHAPURAM,2008,33,52,13,26,104,205,7,24,28,59,120,1820,2491
RANIPET,2008,12,14,2,10,70,42,9,49,0,7,122,827,1164
SALEM,2008,78,43,8,35,66,170,2,5,34,53,367,2248,3109
SIVAGANGAI,2008,26,51,5,16,159,88,8,22,34,17,124,1162,1712
TENKASI,2008,43,21,4,47,138,55,6,11,12,59,226,1365,1987
THANJAVUR,2008,49,74,0,55,171,150,6,33,26,53,299,1263,2179
THENI,2008,16,17,4,18,83,69,4,58,9,29,120,1097,1524
THOOTHUKUDI,2008,69,98,12,38,169,112,11,41,47,94,199,3285,4175
TRICHY,2008,52,40,6,19,49,55,4,14,4,22,279,1293,1837
TIRUNELVELI ,2008,74,124,57,66,310,97,16,51,102,155,212,3572,4836
TIRUPATTUR,2008,12,49,3,15,76,8,6,5,4,2,56,996,1232
TIRUPPUR,2008,24,19,5,11,110,10,7,58,0,9,109,712,1074
TIRUVALLUR,2008,34,56,16,24,106,201,5,28,28,70,196,2094,2858
TIRUVANNAMALAI,2008,44,34,5,40,162,218,5,30,14,53,198,2806,3609
TIRUVARUR,2008,31,56,7,30,96,59,1,15,49,50,138,1407,1939
VELLORE,2008,78,56,13,16,309,440,15,55,50,54,342,3424,4852
VILUPPURAM,2008,67,92,37,53,147,483,9,26,74,78,558,4303,5927
VIRUDHUNAGAR,2008,57,53,17,22,131,199,14,55,17,81,212,2578,3436
TOTAL,2008,1690,2209,440,1016,6078,4884,373,2105,1015,1827,8289,75544,105470
ARIYALUR,2009,67,157,27,31,582,129,23,170,25,69,550,8616,10446
CHENGALPATTU,2009,90,294,26,44,570,52,13,644,0,61,485,1459,3738
CHENNAI,2009,46,30,5,22,68,49,6,64,8,21,134,1305,1758
COIMBATORE ,2009,83,54,25,30,284,476,19,79,5,79,712,4701,6547
CUDDALORE,2009,16,22,2,10,161,93,13,61,4,14,185,1382,1963
DHARMAPURI,2009,65,119,27,42,173,165,3,23,46,110,386,4432,5591
DINDIGUL,2009,94,49,20,48,185,316,7,45,70,62,435,2908,4239
ERODE,2009,61,38,14,26,156,50,13,30,28,33,334,3274,4057
KALLAKURICHI,2009,59,12,13,49,173,74,26,39,32,68,486,2193,3224
KANCHIPURAM,2009,48,43,20,18,203,91,2,26,0,41,393,5930,6815
KANYAKUMARI,2009,33,67,10,10,249,10,5,32,17,43,931,2349,3756
KARUR,2009,29,12,10,16,48,23,1,6,9,8,206,1661,2029
KRISHNAGIRI,2009,65,45,15,32,107,131,6,53,44,60,298,2524,3380
MADURAI ,2009,22,71,7,26,176,77,11,124,12,23,104,1841,2494
MAYILADUTHURAI,2009,48,65,27,33,100,83,3,36,29,83,119,1823,2449
NAGAPATTINAM,2009,43,25,13,25,39,72,1,10,19,41,279,1330,1897
NAMAKKAL,2009,21,15,6,3,73,34,5,10,0,20,37,728,952
NILGIRIS,2009,41,58,16,30,79,104,2,33,26,88,142,1214,1833
PERAMBALUR,2009,34,19,10,25,70,169,11,14,22,49,155,2237,2815
PUDUKKOTTAI,2009,37,50,13,20,67,191,14,15,36,51,111,1735,2340
RAMNATHAPURAM,2009,79,41,14,26,72,228,2,15,29,54,372,1452,2384
RANIPET,2009,24,21,8,7,55,21,9,47,0,3,134,1108,1437
SALEM,2009,36,50,6,16,134,73,1,28,31,22,147,1476,2020
SIVAGANGAI,2009,56,110,10,40,143,115,5,35,31,30,287,1734,2596
TENKASI,2009,23,58,12,26,76,67,5,39,18,52,157,1691,2224
THANJAVUR,2009,80,103,41,65,239,7,9,59,85,143,269,4015,5115
THENI,2009,23,37,3,15,43,72,5,9,3,10,83,677,980
THOOTHUKUDI,2009,41,43,10,34,98,159,5,25,17,96,192,2222,2942
TRICHY,2009,35,39,10,44,164,289,10,28,45,54,227,2701,3646
TIRUNELVELI ,2009,30,32,4,13,74,65,5,13,20,50,63,1150,1519
TIRUPATTUR,2009,72,103,13,26,169,129,6,38,38,121,212,3074,4001
TIRUPPUR,2009,21,17,4,18,74,69,4,58,9,29,108,1149,1560
TIRUVALLUR,2009,46,50,5,14,41,69,3,10,12,14,289,1668,2221
TIRUVANNAMALAI,2009,21,20,2,12,88,0,0,28,0,16,131,1388,1706
TIRUVARUR,2009,61,73,31,55,336,139,15,94,45,48,417,4995,6309
VELLORE,2009,76,82,51,67,142,374,16,27,24,92,571,4315,5837
VILUPPURAM,2009,52,55,13,23,154,93,14,59,28,64,218,2426,3199
VIRUDHUNAGAR,2009,36,50,6,16,134,73,1,28,48,22,138,1352,1904
TOTAL,2009,1814,2229,549,1057,5799,4431,299,2154,915,1944,10497,92235,123923
ARIYALUR,2010,84,75,17,39,477,82,17,94,17,100,590,7112,8704
CHENGALPATTU,2010,71,279,38,34,649,43,19,627,1,90,547,1173,3571
CHENNAI,2010,31,45,13,36,58,57,6,15,17,65,117,858,1318
COIMBATORE ,2010,72,61,16,19,265,321,38,71,20,79,725,5208,6895
CUDDALORE,2010,22,17,4,6,173,106,27,69,1,18,159,1411,2013
DHARMAPURI,2010,62,87,19,21,121,113,2,14,59,73,363,3999,4933
DINDIGUL,2010,90,58,23,41,152,374,17,38,54,91,327,3205,4470
ERODE,2010,62,35,18,23,118,51,15,47,32,51,306,3236,3994
KALLAKURICHI,2010,53,18,11,46,194,40,9,36,26,60,458,2122,3073
KANCHIPURAM,2010,48,62,31,16,131,75,0,31,4,57,547,3067,4069
KANYAKUMARI,2010,38,36,11,9,188,6,9,46,42,22,156,2123,2686
KARUR,2010,26,14,3,13,62,15,3,11,10,5,201,919,1282
KRISHNAGIRI,2010,48,73,22,31,115,173,7,61,21,58,300,792,1701
MADURAI ,2010,27,39,7,24,83,64,5,115,6,29,84,1964,2447
MAYILADUTHURAI,2010,41,57,5,24,82,40,1,16,27,50,112,1578,2033
NAGAPATTINAM,2010,31,24,7,22,56,67,2,18,14,54,264,1520,2079
NAMAKKAL,2010,18,17,9,3,93,26,3,10,0,39,28,921,1167
NILGIRIS,2010,31,56,13,36,58,57,6,15,17,65,117,964,1435
PERAMBALUR,2010,32,21,8,21,67,162,13,15,23,52,146,2189,2749
PUDUKKOTTAI,2010,26,23,10,15,59,158,8,20,25,49,108,1671,2172
RAMNATHAPURAM,2010,78,123,35,69,138,306,4,52,36,167,334,1597,2939
RANIPET,2010,15,18,11,9,51,14,1,25,2,11,110,1280,1547
SALEM,2010,24,33,4,25,67,41,8,31,14,17,148,1691,2103
SIVAGANGAI,2010,60,78,14,53,151,99,3,18,21,100,272,1917,2786
TENKASI,2010,35,47,6,7,69,104,6,51,19,53,146,1627,2170
THANJAVUR,2010,54,76,43,30,150,2,8,34,65,122,224,3582,4390
THENI,2010,12,38,4,10,39,40,6,14,4,11,68,578,824
THOOTHUKUDI,2010,25,47,14,23,71,140,15,20,24,70,213,950,1612
TRICHY,2010,38,17,25,26,138,146,9,28,33,37,210,1651,2358
TIRUNELVELI ,2010,14,38,9,11,75,70,0,12,30,71,88,1188,1606
TIRUPATTUR,2010,76,104,21,35,154,205,12,64,40,76,197,3056,4040
TIRUPPUR,2010,14,36,43,30,150,2,8,34,65,122,201,3126,3831
TIRUVALLUR,2010,44,39,7,9,59,84,1,19,14,16,270,1349,1911
TIRUVANNAMALAI,2010,17,11,6,14,62,10,1,51,3,5,131,1531,1842
TIRUVARUR,2010,87,30,20,42,179,84,9,43,24,43,383,3323,4267
VELLORE,2010,77,54,39,52,159,318,17,23,38,100,552,4050,5479
VILUPPURAM,2010,53,37,27,21,141,63,4,61,25,77,219,2834,3562
VIRUDHUNAGAR,2010,47,28,16,50,144,46,10,112,15,30,251,3546,4295
TOTAL,2010,1683,1951,629,995,5198,3804,329,2061,888,2235,9672,84908,114353
ARIYALUR,2011,79,56,33,36,342,87,21,104,9,102,642,9141,10652
CHENGALPATTU,2011,67,210,30,37,430,33,25,359,0,55,570,6266,8082
CHENNAI,2011,29,58,8,34,160,1,14,158,37,27,221,2732,3479
COIMBATORE ,2011,64,43,23,25,256,295,20,100,18,65,728,3854,5491
CUDDALORE,2011,17,15,4,8,148,194,33,66,4,16,185,1858,2548
DHARMAPURI,2011,55,102,18,41,93,223,4,22,45,53,339,2792,3787
DINDIGUL,2011,39,16,22,23,62,173,5,38,23,57,128,1166,1752
ERODE,2011,52,48,18,26,116,35,15,56,29,30,329,3256,4010
KALLAKURICHI,2011,59,23,13,22,150,24,7,149,25,35,449,2264,3220
KANCHIPURAM,2011,48,52,17,12,109,76,0,5,0,65,509,4903,5796
KANYAKUMARI,2011,30,43,3,12,139,4,8,46,19,22,177,1857,2360
KARUR,2011,19,18,4,6,35,26,2,11,6,12,176,1738,2053
KRISHNAGIRI,2011,46,28,9,27,80,170,5,70,29,38,306,2999,3807
MADURAI ,2011,57,45,29,29,131,102,8,68,15,70,312,1433,2299
MAYILADUTHURAI,2011,16,32,8,27,79,71,10,143,7,34,103,1858,2388
NAGAPATTINAM,2011,32,44,9,21,73,44,1,24,34,28,111,1466,1887
NAMAKKAL,2011,31,20,7,18,42,87,1,29,12,35,275,1450,2007
NILGIRIS,2011,14,26,14,3,86,26,3,14,0,45,29,995,1255
PERAMBALUR,2011,33,33,15,31,73,56,3,25,27,44,139,1125,1604
PUDUKKOTTAI,2011,30,30,11,22,71,161,5,39,18,60,140,2160,2747
RAMNATHAPURAM,2011,37,42,10,19,86,122,9,26,29,48,118,1669,2215
RANIPET,2011,73,178,56,102,92,160,4,113,53,337,322,1692,3182
SALEM,2011,22,14,11,6,49,12,2,42,2,5,115,2131,2411
SIVAGANGAI,2011,29,30,13,21,91,31,2,31,5,16,109,1537,1915
TENKASI,2011,48,67,12,29,149,111,4,21,19,75,255,1873,2663
THANJAVUR,2011,31,62,5,10,79,93,1,56,10,64,142,1365,1918
THENI,2011,63,92,30,21,94,4,5,34,26,88,247,2821,3525
THOOTHUKUDI,2011,19,40,3,6,27,12,0,26,8,13,57,840,1051
TRICHY,2011,20,11,16,14,71,97,3,10,11,46,216,1185,1700
TIRUNELVELI ,2011,30,20,27,25,101,172,9,30,21,27,191,2231,2884
TIRUPATTUR,2011,24,25,7,10,50,55,4,12,24,68,82,1359,1720
TIRUPPUR,2011,59,93,35,31,162,6,8,74,35,16,201,3124,3844
TIRUVALLUR,2011,16,10,4,4,72,25,4,9,0,20,57,800,1021
TIRUVANNAMALAI,2011,58,29,16,30,62,71,4,35,9,9,287,1887,2497
TIRUVARUR,2011,13,14,0,6,82,5,3,49,2,8,108,1753,2043
VELLORE,2011,60,36,17,30,173,244,9,66,31,46,369,2960,4041
VILUPPURAM,2011,68,78,55,56,111,275,9,30,31,87,480,4155,5435
VIRUDHUNAGAR,2011,36,52,18,27,151,66,9,86,26,40,198,2795,3504
TOTAL,2011,1523,1835,630,907,4377,3449,279,2276,699,1906,9422,91490,118793
ARIYALUR,2012,123,175,43,55,597,78,8,530,0,82,1041,12766,15498
CHENGALPATTU,2012,19,164,3,7,18,0,2,64,7,6,87,713,1090
CHENNAI,2012,87,122,33,47,333,117,15,168,18,165,819,2881,4805
COIMBATORE ,2012,19,20,6,4,153,194,32,109,1,21,184,2012,2755
CUDDALORE,2012,60,90,32,32,87,134,0,1,13,45,387,4538,5419
DHARMAPURI,2012,31,32,7,31,52,131,12,41,27,42,152,1265,1823
DINDIGUL,2012,73,51,17,36,73,34,7,73,0,33,302,3255,3954
ERODE,2012,55,28,22,22,114,32,20,84,18,72,498,2413,3378
KALLAKURICHI,2012,42,62,18,29,90,38,0,0,9,43,38,3882,4251
KANCHIPURAM,2012,30,41,13,16,110,6,5,124,12,15,169,1900,2441
KANYAKUMARI,2012,23,25,6,15,57,23,2,19,12,8,216,1919,2325
KARUR,2012,42,21,10,30,95,184,10,60,25,47,305,2979,3808
KRISHNAGIRI,2012,36,70,24,36,100,89,7,62,15,57,286,2786,3568
MADURAI ,2012,21,40,5,20,101,126,5,222,2,28,112,2075,2757
MAYILADUTHURAI,2012,43,31,12,20,62,41,3,38,18,45,145,1521,1979
NAGAPATTINAM,2012,29,26,0,35,52,72,4,19,11,39,316,1083,1686
NAMAKKAL,2012,11,21,13,9,73,16,3,12,0,32,0,1166,1356
NILGIRIS,2012,34,34,19,19,57,63,7,37,9,51,129,1303,1762
PERAMBALUR,2012,29,33,14,34,78,199,9,22,18,55,178,2436,3105
PUDUKKOTTAI,2012,29,28,5,17,49,42,8,56,16,28,108,1926,2312
RAMNATHAPURAM,2012,53,172,52,107,112,195,3,71,36,218,338,1665,3022
RANIPET,2012,17,8,4,12,34,2,4,97,1,9,110,3305,3603
SALEM,2012,15,40,2,9,78,15,2,43,9,8,114,1514,1849
SIVAGANGAI,2012,63,55,9,45,155,88,5,18,27,102,263,1957,2787
TENKASI,2012,29,51,3,17,79,38,2,72,12,50,149,2057,2559
THANJAVUR,2012,75,108,27,26,83,0,6,30,19,123,230,3090,3817
THENI,2012,14,43,2,10,30,0,2,50,3,7,53,705,919
THOOTHUKUDI,2012,27,19,15,21,77,58,1,12,5,58,240,823,1356
TRICHY,2012,33,18,26,35,48,121,7,88,17,17,201,604,1215
TIRUNELVELI ,2012,16,20,4,11,65,31,13,23,13,72,104,1417,1789
TIRUPATTUR,2012,63,71,17,25,135,3,9,137,22,10,191,1908,2591
TIRUPPUR,2012,12,42,5,26,49,6,1,37,6,7,76,973,1240
TIRUVALLUR,2012,50,35,19,53,80,35,0,20,13,12,265,1857,2439
TIRUVANNAMALAI,2012,18,10,1,7,75,3,3,74,3,17,120,1475,1806
TIRUVARUR,2012,49,32,23,37,151,26,8,133,26,54,357,2650,3546
VELLORE,2012,68,83,49,49,102,250,2,21,36,50,567,3818,5095
VILUPPURAM,2012,31,43,19,58,96,56,9,120,29,45,208,3242,3956
VIRUDHUNAGAR,2012,31,32,5,10,79,93,1,56,10,68,158,1133,1676
TOTAL,2012,1500,1996,584,1072,3879,2639,237,2843,518,1841,9216,89012,115337
ARIYALUR,2013,131,193,29,59,560,130,14,535,1,87,1330,9123,12192
CHENGALPATTU,2013,30,12,10,16,48,23,1,6,9,8,206,1441,1810
CHENNAI,2013,79,46,18,36,171,91,12,88,0,60,807,4364,5772
COIMBATORE ,2013,28,13,8,7,181,14,11,95,1,11,261,2198,2828
CUDDALORE,2013,52,80,21,33,64,139,1,20,20,28,362,4203,5023
DHARMAPURI,2013,33,34,9,16,22,151,4,31,31,33,154,1340,1858
DINDIGUL,2013,40,40,11,40,76,28,2,70,9,29,354,3200,3899
ERODE,2013,43,19,13,20,87,36,7,46,21,35,615,3882,4824
KALLAKURICHI,2013,35,64,12,16,109,53,0,12,18,25,706,3722,4772
KANCHIPURAM,2013,23,34,3,18,135,0,1,74,18,21,199,1818,2344
KANYAKUMARI,2013,19,13,5,14,59,19,2,22,7,7,236,1569,1972
KARUR,2013,47,41,14,29,75,121,18,24,12,24,359,2181,2945
KRISHNAGIRI,2013,36,33,28,60,99,100,10,86,10,49,314,2849,3674
MADURAI ,2013,23,33,9,19,62,10,10,130,6,12,125,1419,1858
MAYILADUTHURAI,2013,30,42,9,18,52,42,3,67,15,73,135,2658,3144
NAGAPATTINAM,2013,28,16,6,18,35,42,1,19,7,25,298,2214,2709
NAMAKKAL,2013,17,22,5,2,79,15,3,6,1,13,32,914,1109
NILGIRIS,2013,32,37,15,16,46,30,2,42,17,33,174,1697,2141
PERAMBALUR,2013,25,86,8,32,64,41,13,36,23,47,221,2580,3176
PUDUKKOTTAI,2013,29,30,12,24,49,63,15,53,15,22,142,1761,2215
RAMNATHAPURAM,2013,50,29,21,45,46,110,1,17,30,71,380,2468,3268
RANIPET,2013,15,17,7,13,43,14,2,36,2,3,107,1827,2086
SALEM,2013,19,42,5,23,58,17,1,51,11,8,147,1636,2018
SIVAGANGAI,2013,40,52,8,55,130,65,3,55,28,80,304,2565,3385
TENKASI,2013,24,30,5,30,68,49,6,72,8,21,143,1756,2212
THANJAVUR,2013,58,146,42,31,121,3,7,27,51,86,291,4114,4977
THENI,2013,18,42,4,5,49,2,5,31,7,8,48,644,863
THOOTHUKUDI,2013,23,31,10,13,74,59,1,7,1,30,298,1821,2368
TRICHY,2013,36,29,10,16,59,39,7,43,12,8,228,1881,2368
TIRUNELVELI ,2013,16,32,7,17,46,45,3,25,11,66,116,2255,2639
TIRUPATTUR,2013,57,83,13,13,117,6,7,77,14,5,240,2542,3174
TIRUPPUR,2013,19,20,2,12,66,0,0,28,0,16,131,1388,1682
TIRUVALLUR,2013,48,24,12,46,67,28,1,26,11,22,319,2557,3161
TIRUVANNAMALAI,2013,17,19,3,21,54,8,2,71,1,4,97,2246,2543
TIRUVARUR,2013,80,48,27,47,173,20,2,40,13,49,421,4734,5654
VELLORE,2013,66,56,39,26,86,197,0,15,20,52,612,4387,5556
VILUPPURAM,2013,46,41,7,28,82,44,16,63,8,30,209,2727,3301
VIRUDHUNAGAR,2013,14,11,4,8,148,194,33,66,4,16,154,1858,2510
TOTAL,2013,1426,1640,471,942,3560,2048,227,2212,473,1217,11275,98539,124030
ARIYALUR,2014,145,247,46,83,654,115,14,433,11,108,1125,9599,12580
CHENGALPATTU,2014,16,18,15,23,31,32,2,35,1,12,126,1093,1404
CHENNAI,2014,87,62,16,84,286,190,17,169,17,121,867,10400,12316
COIMBATORE ,2014,22,15,10,14,131,5,7,92,4,12,294,2408,3014
CUDDALORE,2014,61,114,28,57,117,152,0,32,41,28,387,4601,5618
DHARMAPURI,2014,38,46,6,44,38,128,6,39,21,77,208,1690,2341
DINDIGUL,2014,40,79,12,50,71,57,6,71,15,28,394,2843,3666
ERODE,2014,54,31,20,66,133,64,18,90,30,64,603,4864,6037
KALLAKURICHI,2014,57,97,25,18,157,80,0,32,23,27,820,5081,6417
KANCHIPURAM,2014,27,51,11,22,116,0,2,100,18,11,193,2726,3277
KANYAKUMARI,2014,18,17,3,14,37,29,5,16,2,16,183,1920,2260
KARUR,2014,72,44,11,38,40,163,2,57,17,43,445,2656,3588
KRISHNAGIRI,2014,55,52,9,36,77,133,15,116,14,54,394,2848,3803
MADURAI ,2014,27,25,4,23,68,7,23,163,3,11,102,1289,1745
MAYILADUTHURAI,2014,39,65,14,28,56,40,3,54,28,53,201,3111,3692
NAGAPATTINAM,2014,26,19,12,31,46,55,2,33,11,33,393,2511,3172
NAMAKKAL,2014,13,8,6,5,62,15,8,12,0,13,43,880,1065
NILGIRIS,2014,32,35,26,22,53,47,3,20,17,65,172,1875,2367
PERAMBALUR,2014,34,29,14,25,59,41,14,26,13,55,238,2318,2866
PUDUKKOTTAI,2014,37,55,8,25,61,49,1,59,13,29,128,1961,2426
RAMNATHAPURAM,2014,67,54,25,71,55,191,0,25,40,125,385,2605,3643
RANIPET,2014,16,30,10,28,41,28,4,50,3,14,113,686,1023
SALEM,2014,43,50,3,40,71,39,9,70,18,4,183,1738,2268
SIVAGANGAI,2014,68,66,5,50,133,71,6,35,35,96,358,4141,5064
TENKASI,2014,29,62,4,22,105,77,5,74,26,42,180,2293,2919
THANJAVUR,2014,80,262,35,56,170,2,7,87,75,96,284,5004,6158
THENI,2014,16,47,6,10,34,6,4,37,6,8,79,813,1066
THOOTHUKUDI,2014,23,35,7,14,41,37,0,21,18,88,140,2055,2479
TRICHY,2014,45,26,14,25,67,73,6,49,23,25,190,3312,3855
TIRUNELVELI ,2014,39,44,9,30,121,81,4,33,10,23,361,2770,3525
TIRUPATTUR,2014,62,100,19,33,156,4,16,116,16,5,270,2745,3542
TIRUPPUR,2014,39,51,5,16,159,88,8,22,34,17,94,1121,1654
TIRUVALLUR,2014,49,19,12,23,57,16,0,20,8,19,328,2591,3142
TIRUVANNAMALAI,2014,21,22,2,17,68,4,2,80,1,7,127,2212,2563
TIRUVARUR,2014,66,36,25,55,165,4,3,52,13,26,408,5329,6182
VELLORE,2014,70,76,58,64,89,282,3,49,35,72,630,4312,5740
VILUPPURAM,2014,51,53,8,44,78,71,46,96,28,39,248,2351,3113
VIRUDHUNAGAR,2014,36,14,6,16,134,73,1,28,31,22,147,1004,1512
TOTAL,2014,1720,2156,549,1322,4037,2549,272,2593,719,1588,11841,113756,143102
ARIYALUR,2015,100,130,35,43,322,55,5,293,0,46,613,7478,9120
CHENGALPATTU,2015,25,39,3,18,135,0,1,74,18,21,177,1633,2144
CHENNAI,2015,74,76,21,29,228,48,7,66,1,42,247,1489,2328
COIMBATORE ,2015,88,77,14,63,278,210,17,111,30,107,1008,6566,8569
CUDDALORE,2015,20,28,9,17,78,24,11,93,4,29,307,2444,3064
DHARMAPURI,2015,63,71,16,56,89,176,0,16,17,29,428,4289,5250
DINDIGUL,2015,49,57,12,49,57,215,1,26,29,136,253,1918,2802
ERODE,2015,56,71,13,53,85,88,3,103,18,47,397,2739,3673
KALLAKURICHI,2015,60,43,21,57,172,44,12,51,20,78,666,5378,6602
KANCHIPURAM,2015,75,76,24,18,109,76,0,21,17,20,788,4843,6067
KANYAKUMARI,2015,29,58,8,42,160,1,14,158,37,27,221,2732,3487
KARUR,2015,21,16,4,13,23,23,6,15,3,10,249,1553,1936
KRISHNAGIRI,2015,54,65,20,44,87,185,10,37,23,40,473,2816,3854
MADURAI ,2015,55,79,18,32,77,187,11,88,23,72,391,2831,3864
MAYILADUTHURAI,2015,39,38,4,24,65,19,3,117,5,11,139,1299,1763
NAGAPATTINAM,2015,47,64,10,28,49,41,1,18,15,59,179,3003,3514
NAMAKKAL,2015,46,34,19,49,75,88,0,79,11,49,318,2881,3649
NILGIRIS,2015,16,10,4,4,86,25,4,9,0,20,57,800,1035
PERAMBALUR,2015,29,50,26,31,41,49,1,41,9,70,214,1953,2514
PUDUKKOTTAI,2015,37,42,4,34,53,38,9,35,13,45,257,1978,2545
RAMNATHAPURAM,2015,45,95,6,28,82,62,2,43,13,34,166,1660,2236
RANIPET,2015,69,103,35,112,101,346,5,35,41,217,448,3050,4562
SALEM,2015,29,40,22,32,45,40,12,71,1,16,133,1150,1591
SIVAGANGAI,2015,34,47,1,43,103,41,9,91,17,7,198,1634,2225
TENKASI,2015,66,93,7,29,158,68,2,27,30,108,418,5003,6009
THANJAVUR,2015,28,55,7,35,75,60,2,88,17,30,188,3592,4177
THENI,2015,89,248,42,68,213,4,7,93,59,115,318,4912,6168
THOOTHUKUDI,2015,20,45,8,16,41,4,0,27,1,7,87,893,1149
TRICHY,2015,35,41,17,22,80,75,6,33,9,18,294,2689,3319
TIRUNELVELI ,2015,32,65,20,34,95,117,0,53,32,20,350,2757,3575
TIRUPATTUR,2015,26,36,6,14,53,34,2,27,18,51,105,1241,1613
TIRUPPUR,2015,72,127,11,48,198,2,16,115,10,3,280,3121,4003
TIRUVALLUR,2015,18,11,2,10,70,42,9,49,0,7,122,834,1174
TIRUVANNAMALAI,2015,55,27,11,28,53,25,0,16,8,16,318,2563,3120
TIRUVARUR,2015,13,30,2,10,59,10,0,54,2,7,141,2349,2677
VELLORE,2015,74,33,21,53,139,14,6,58,26,25,678,4753,5880
VILUPPURAM,2015,82,78,58,64,98,249,10,38,30,70,749,4031,5557
VIRUDHUNAGAR,2015,41,73,17,52,121,59,37,100,21,19,246,2425,3211
TOTAL,2015,1811,2371,578,1402,4053,2844,241,2469,628,1728,12621,109280,140026
ARIYALUR,2016,40,22,21,19,30,39,1,10,3,39,127,1397,1748
CHENGALPATTU,2016,96,175,39,42,398,70,46,350,2,42,602,6276,8138
CHENNAI,2016,70,98,62,80,109,223,3,45,22,78,811,4377,5978
COIMBATORE ,2016,72,118,46,28,301,80,4,222,5,51,692,3946,5565
CUDDALORE,2016,48,39,7,31,163,134,8,60,13,41,583,2470,3597
DHARMAPURI,2016,24,26,9,23,197,17,12,103,3,21,279,1997,2711
DINDIGUL,2016,46,92,20,34,98,106,0,7,5,32,454,4580,5474
ERODE,2016,39,30,7,36,34,119,1,39,34,56,280,1991,2666
KALLAKURICHI,2016,69,77,10,61,71,82,12,83,24,34,478,2920,3921
KANCHIPURAM,2016,52,30,16,44,135,29,8,70,15,31,508,3663,4601
KANYAKUMARI,2016,72,54,28,11,104,107,0,28,3,12,724,3629,4772
KARUR,2016,40,75,11,31,184,0,8,134,29,23,249,2714,3498
KRISHNAGIRI,2016,26,15,7,13,24,16,7,9,2,13,236,1569,1937
MADURAI ,2016,67,27,15,36,75,115,2,35,15,31,410,2908,3736
MAYILADUTHURAI,2016,68,82,18,49,119,179,4,134,16,75,451,2821,4016
NAGAPATTINAM,2016,38,40,3,25,85,22,8,143,16,7,125,1680,2192
NAMAKKAL,2016,55,54,7,39,65,28,5,15,17,31,226,2739,3281
NILGIRIS,2016,32,32,14,44,65,56,6,48,16,39,406,2657,3415
PERAMBALUR,2016,15,8,3,7,37,16,2,12,0,11,51,670,832
PUDUKKOTTAI,2016,12,15,11,13,16,20,0,22,6,14,137,1068,1334
RAMNATHAPURAM,2016,40,38,5,27,56,38,12,17,17,21,282,2057,2610
RANIPET,2016,31,97,10,56,92,53,0,60,25,22,188,2053,2687
SALEM,2016,48,68,32,91,73,194,0,33,29,90,445,2926,4029
SIVAGANGAI,2016,21,26,20,39,48,39,13,50,2,13,115,1332,1718
TENKASI,2016,34,32,5,30,62,21,5,50,11,11,212,1578,2051
THANJAVUR,2016,69,80,5,36,223,72,3,42,28,60,388,4639,5645
THENI,2016,34,69,9,49,98,72,1,118,22,50,222,3534,4278
THOOTHUKUDI,2016,95,207,44,66,227,2,3,63,72,91,341,4819,6030
TRICHY,2016,12,67,5,26,49,6,1,37,6,7,76,1063,1355
TIRUNELVELI ,2016,34,48,12,20,68,64,3,47,1,15,302,2959,3573
TIRUPATTUR,2016,45,83,12,21,76,146,1,56,26,18,401,2414,3299
TIRUPPUR,2016,25,43,1,16,62,38,1,20,19,21,155,2268,2669
TIRUVALLUR,2016,57,163,20,35,189,5,9,96,25,3,291,3397,4290
TIRUVANNAMALAI,2016,58,29,12,61,239,76,9,79,7,46,762,2275,3653
TIRUVARUR,2016,53,52,16,50,144,46,10,112,15,30,251,2538,3317
VELLORE,2016,41,45,10,17,37,25,0,20,14,24,393,2881,3507
VILUPPURAM,2016,16,23,6,20,54,16,0,57,2,11,128,2512,2845
VIRUDHUNAGAR,2016,81,44,18,46,111,11,3,25,13,21,741,4638,5752
TOTAL,2016,1775,2323,596,1372,4218,2382,211,2551,580,1235,13522,105955,136720
ARIYALUR,2017,27,38,20,26,46,19,0,6,1,64,109,1308,1664
CHENGALPATTU,2017,103,158,47,47,383,60,21,524,1,45,604,6247,8240
CHENNAI,2017,52,78,20,58,120,68,2,105,27,25,309,2926,3790
COIMBATORE ,2017,86,137,29,30,374,85,7,236,10,61,820,4975,6850
CUDDALORE,2017,41,50,13,62,188,83,0,51,13,39,643,2627,3810
DHARMAPURI,2017,22,27,15,22,142,23,9,148,8,35,324,1861,2636
DINDIGUL,2017,58,115,27,39,68,149,1,42,21,8,447,4299,5274
ERODE,2017,59,27,15,47,65,107,4,24,32,42,279,1830,2531
KALLAKURICHI,2017,57,91,9,43,80,81,4,128,23,43,538,3130,4227
KANCHIPURAM,2017,57,32,15,64,136,39,12,77,5,43,495,4572,5547
KANYAKUMARI,2017,57,53,17,9,74,102,0,67,6,23,779,3820,5007
KARUR,2017,42,100,12,57,216,0,3,124,25,10,260,2534,3383
KRISHNAGIRI,2017,19,51,10,54,54,23,9,19,3,28,260,1871,2401
MADURAI ,2017,58,24,20,64,116,120,1,71,20,27,463,2660,3644
MAYILADUTHURAI,2017,59,78,17,58,160,168,14,123,17,62,550,2911,4217
NAGAPATTINAM,2017,34,50,3,15,65,17,8,124,0,12,120,1386,1834
NAMAKKAL,2017,50,55,9,38,64,39,0,23,30,57,223,2796,3384
NILGIRIS,2017,50,21,10,48,70,70,4,80,20,52,454,2872,3751
PERAMBALUR,2017,11,16,7,8,81,18,5,18,6,10,44,808,1032
PUDUKKOTTAI,2017,13,30,5,10,29,7,0,48,1,16,131,1013,1303
RAMNATHAPURAM,2017,45,101,7,54,93,45,21,48,24,42,285,3322,4087
RANIPET,2017,33,49,16,61,83,96,0,57,20,14,213,2069,2711
SALEM,2017,81,62,53,140,110,281,1,42,48,165,541,4099,5623
SIVAGANGAI,2017,27,18,21,44,35,32,6,41,5,25,138,1807,2199
TENKASI,2017,38,27,1,32,89,21,1,50,15,16,232,1665,2187
THANJAVUR,2017,82,124,7,42,298,104,2,43,18,75,462,3908,5165
THENI,2017,42,122,18,93,134,69,2,239,27,61,253,3042,4102
THOOTHUKUDI,2017,83,215,48,65,195,4,4,129,52,88,409,4884,6176
TRICHY,2017,12,78,16,11,69,0,0,40,5,5,87,812,1135
TIRUNELVELI ,2017,43,51,18,17,74,68,3,53,2,10,336,2269,2944
TIRUPATTUR,2017,43,89,15,55,68,195,0,53,20,8,353,2756,3655
TIRUPPUR,2017,29,30,12,22,96,53,0,23,27,20,157,2763,3232
TIRUVALLUR,2017,84,168,32,32,202,0,11,79,35,4,347,2924,3918
TIRUVANNAMALAI,2017,60,42,10,52,195,39,8,55,6,24,748,2578,3817
TIRUVARUR,2017,63,84,50,82,95,302,4,75,34,80,821,3842,5532
VELLORE,2017,58,55,8,24,84,46,0,42,17,26,489,3194,4043
VILUPPURAM,2017,15,31,4,27,56,12,0,100,0,10,157,2602,3014
VIRUDHUNAGAR,2017,82,56,30,68,208,5,8,42,12,28,752,5403,6694
TOTAL,2017,1875,2633,686,1720,4715,2650,175,3249,636,1403,14632,110385,144759
ARIYALUR,2018,28,23,16,19,38,42,0,16,10,47,109,1273,1621
CHENGALPATTU,2018,168,332,76,56,766,160,22,767,7,73,1431,12464,16322
CHENNAI,2018,46,68,19,55,95,90,20,94,13,25,294,3112,3931
COIMBATORE ,2018,39,31,5,48,166,78,9,51,0,43,554,2522,3546
CUDDALORE,2018,26,41,9,27,105,30,6,171,23,32,283,1898,2651
DHARMAPURI,2018,68,201,30,102,114,229,0,43,65,12,498,6383,7745
DINDIGUL,2018,55,28,14,70,68,95,3,31,21,44,252,1739,2420
ERODE,2018,65,81,18,50,97,93,12,103,17,45,561,3319,4461
KALLAKURICHI,2018,47,30,10,42,101,22,6,89,8,35,560,4260,5210
KANCHIPURAM,2018,87,85,19,22,97,135,3,61,12,25,854,4035,5435
KANYAKUMARI,2018,44,70,10,50,180,1,3,127,21,7,276,3054,3843
KARUR,2018,28,31,8,60,55,18,8,34,2,21,293,1503,2061
KRISHNAGIRI,2018,72,43,12,64,127,146,2,84,20,32,450,2326,3378
MADURAI ,2018,71,140,21,94,198,183,3,209,20,68,491,3406,4904
MAYILADUTHURAI,2018,35,56,7,25,106,25,10,183,2,22,123,1467,2061
NAGAPATTINAM,2018,44,41,13,34,62,60,0,14,21,40,254,2881,3464
NAMAKKAL,2018,38,31,8,63,90,53,2,78,12,58,428,2912,3773
NILGIRIS,2018,17,15,6,7,50,10,2,13,1,8,57,875,1061
PERAMBALUR,2018,14,20,7,25,42,11,0,24,4,18,158,951,1274
PUDUKKOTTAI,2018,35,70,7,43,76,55,28,37,22,24,304,2313,3014
RAMNATHAPURAM,2018,42,60,6,53,101,86,1,50,40,14,228,2113,2794
RANIPET,2018,70,74,35,108,112,231,1,75,35,108,563,2869,4281
SALEM,2018,28,26,23,38,55,27,8,61,2,21,126,2289,2704
SIVAGANGAI,2018,30,40,5,35,92,39,4,69,16,33,261,1947,2571
TENKASI,2018,61,97,10,46,233,155,3,45,24,76,439,3756,4945
THANJAVUR,2018,34,113,22,88,125,68,5,185,21,40,251,2998,3950
THENI,2018,94,196,52,56,203,4,7,179,54,57,426,5018,6346
THOOTHUKUDI,2018,22,53,7,17,36,0,1,75,3,7,103,647,971
TRICHY,2018,30,38,6,10,64,70,2,61,12,2,321,2297,2913
TIRUNELVELI ,2018,45,49,24,75,76,136,2,67,31,11,342,2591,3449
TIRUPATTUR,2018,24,38,4,21,85,26,4,19,30,8,165,3351,3775
TIRUPPUR,2018,72,216,29,42,218,0,20,134,40,2,344,3160,4277
TIRUVALLUR,2018,47,24,9,61,276,52,24,245,7,42,680,3846,5313
TIRUVANNAMALAI,2018,52,65,12,46,233,155,3,45,24,46,450,2327,3458
TIRUVARUR,2018,49,77,13,59,121,39,0,22,19,38,1857,1851,4145
VELLORE,2018,27,21,6,28,55,10,0,57,2,17,174,2425,2822
VILUPPURAM,2018,77,72,25,84,186,3,6,81,16,29,740,4907,6226
VIRUDHUNAGAR,2018,87,325,86,206,175,522,10,213,53,274,815,6121,8887
TOTAL,2018,1918,3021,689,2029,5079,3159,240,3912,730,1504,16515,117206,156002
ARIYALUR,2019,19,32,11,47,41,41,0,11,13,53,126,1496,1890
CHENGALPATTU,2019,180,219,94,87,546,95,50,769,10,90,1411,12131,15682
CHENNAI,2019,62,97,23,39,127,80,35,171,24,23,289,3503,4473
COIMBATORE ,2019,51,28,9,41,125,130,4,89,10,38,744,2903,4172
CUDDALORE,2019,29,37,20,20,125,16,9,132,21,17,293,8546,9265
DHARMAPURI,2019,70,120,40,152,192,332,0,38,47,64,524,7704,9283
DINDIGUL,2019,50,32,25,98,73,92,3,36,42,48,309,1673,2481
ERODE,2019,74,89,16,97,106,81,2,118,13,34,562,3806,4998
KALLAKURICHI,2019,40,31,8,30,94,32,3,118,12,42,594,2966,3970
KANCHIPURAM,2019,76,113,19,17,167,154,0,152,11,17,866,5210,6802
KANYAKUMARI,2019,53,110,12,33,203,0,3,132,50,11,282,2738,3627
KARUR,2019,26,18,4,49,39,28,4,18,2,25,320,1490,2023
KRISHNAGIRI,2019,63,41,14,45,116,160,3,71,15,51,478,2162,3219
MADURAI ,2019,76,142,30,83,191,196,40,348,24,75,471,3457,5133
MAYILADUTHURAI,2019,31,74,11,65,68,26,7,294,8,28,131,1639,2382
NAGAPATTINAM,2019,56,44,10,42,68,59,0,18,28,34,254,2847,3460
NAMAKKAL,2019,30,33,12,48,62,35,4,82,5,39,494,2587,3431
NILGIRIS,2019,14,17,9,8,65,8,1,26,2,15,49,748,962
PERAMBALUR,2019,11,15,3,31,37,34,0,21,2,22,146,862,1184
PUDUKKOTTAI,2019,31,36,6,33,34,55,13,42,12,26,347,2028,2663
RAMNATHAPURAM,2019,54,81,9,40,81,99,3,55,24,15,273,2075,2809
RANIPET,2019,60,40,36,79,66,133,0,92,18,87,608,3033,4252
SALEM,2019,16,22,15,23,31,32,2,35,1,12,144,1437,1770
SIVAGANGAI,2019,47,58,11,43,95,75,9,83,13,37,285,2229,2985
TENKASI,2019,62,97,14,57,167,176,7,99,36,76,466,4077,5334
THANJAVUR,2019,39,69,22,45,113,83,0,129,20,50,232,2553,3355
THENI,2019,88,288,44,52,185,4,9,227,81,58,437,5881,7354
THOOTHUKUDI,2019,19,163,3,7,18,0,2,64,7,6,87,713,1089
TRICHY,2019,40,49,18,14,117,105,3,40,5,8,311,2167,2877
TIRUNELVELI ,2019,52,56,21,62,76,148,0,78,20,8,433,2983,3937
TIRUPATTUR,2019,33,45,11,34,68,20,1,19,25,6,185,2841,3288
TIRUPPUR,2019,85,208,26,41,184,0,5,92,32,1,383,3201,4258
TIRUVALLUR,2019,63,83,8,51,283,67,21,155,8,52,692,4140,5623
TIRUVANNAMALAI,2019,36,29,10,25,49,39,7,43,12,8,207,1517,1982
TIRUVARUR,2019,44,44,14,29,73,34,0,22,6,33,499,3133,3931
VELLORE,2019,26,22,7,22,42,7,0,103,3,9,147,2012,2400
VILUPPURAM,2019,76,82,24,76,188,9,18,71,17,38,735,4949,6283
VIRUDHUNAGAR,2019,100,211,78,202,189,486,1,99,59,239,879,5890,8433
TOTAL,2019,1982,2975,747,1967,4504,3171,269,4192,738,1495,15693,125327,163060
